id;grammar_rule_id;question_type;text;difficulty_status;option_1;option_2;option_3;option_4;correct_answer;note
1;1;1;What is vowel harmony in the Turkish language?;1;A rule that classifies words based on their consonants;A pattern where vowels in a phonological rule where vowels within a word harmonize to be either front or back;"A principle that only affects borrowed words""";A rule that alters verb conjugation endings;2;
2;1;1;Which vowels are considered front vowels in Turkish vowel harmony?;1;A, O, U, I;E, İ, Ö, Ü;A, E, I, İ;O, Ö, U, Ü;2;
3;1;1;For the word 'elma' (apple), which suffix follows Turkish vowel harmony?;2;Elmalarim;Elmayim;Elmam;Elmaim;3;"elmam means ""my apple"""
4;1;1;Which of the following does NOT follow Turkish vowel harmony rules?;2;Kalemler;Çocuklar;Kitapler;Gözlükler;3;
5;1;1;Which word violates Turkish vowel harmony?;2;Çiçekler;Evler;Kitaplar;Kapiler;4;i is a soft vowel added after 'a' a hard vowel.
6;1;1;What is the significant exception to vowel harmony rules in Turkish known as?;3;Loanwords;Proper nouns;Compound words;Diminutive forms;1;often loanwords do not follow vowel harmony
7;2;1;What is consonant mutation in Turkish also known as?;1;Consonant softening;Vowel reduction;Consonant doubling;Vowel harmony;1;
8;2;1;In Turkish, which consonant is often softened to 'ğ' in mutation?;2;T;K;Ç;P;2;"köpek: dog ; köpeğim : my dog"
9;2;1;What does ‘ağaç’ (tree) become when the suffix ‘-ı’ is added?;3;Ağacıı;Ağaça;Ağaçı;Ağacı;4;
10;2;1;Choose the correct transformation for ‘kap’ (container) with ‘-ı’:;2;Kabı;Kapı;Kapta;Kapi;1;
11;2;1;Select the correct mutated form of ‘renk’ (color) when adding ‘-e’;2;Renke;Rengi;Renge;Renkı;3;
12;2;1;Identify which is correct when ‘çocuk’ (child) receives the suffix ‘-u’:;2;Çocığı;Çocuku;Çocukı;Çocuğu;4;
13;3;1;What is the correct suffix for 'yorgun' (tired) to say 'I am tired'?;1;Yorgunsun;Yorgunumuz;Yorgunum;Yorgunlar;3;
14;3;1;How do you say 'We are at home' using the word 'evde'?;1;Evdesin;Evdeyim;Evdeyiz;Evdem;3;
15;3;1;Which form correctly negates 'hızlı' (fast) to say 'You are not fast'?;2;Hızlı değiller;Hızlı değilsin;Hızlı değilsiniz;Hızlı değili;2;
16;3;1;What is the correct transformation of 'mutlu' (happy) for 'They are happy'?;2;Mutluyuz;Mutlular;Mutlusunuz;Mutlusun;2;
17;3;1;How do you say 'I am not a teacher' using 'öğretmen' (teacher)?;3;Öğretmen değilsin;Öğretmenim değil;Öğretmen değilim;Öğretmen değiliz;3;
18;4;1;Which pronoun would you use in Turkish for 'you' when addressing a group;1;Onlar;Siz;Sen;Ben;2;
19;4;1;Select the correct demonstrative pronoun for 'these' in Turkish.;1;Bunlar;Şu;O;Bu;1;
20;4;1;Which pronoun correctly completes the sentence: '____ bir öğretmenim' to mean 'I am a teacher'?;1;Biz;Sen;O;Ben;4;
21;4;1;Identify the correct pronoun to complete: '____ çok mutlusunuz' meaning 'You all are very happy'.;1;Biz;O;Siz;Ben;3;
22;4;1;Choose the correct pronoun for the sentence: '____ evde' to mean 'We are at home';2;Ben;Biz;Siz;O;2;
23;4;1;Which sentence correctly uses a demonstrative pronoun to say 'That is a cat'?;3;Şu bir kedi;Bu bir kedi;Bunlar bir kedi;Onlar bir kedi;1;Şu is used to raise the attention to something specific
24;4;1;Which pronoun completes the sentence '____ öğretmen' for 'He/She is a teacher'?;2;Ben;Sen;Biz;O;4;
25;4;1;Choose the correct pronoun to complete: '____ açsın' meaning 'You are hungry'.;1;O;Sen;Siz;Ben;2;
26;4;1;Identify the correct pronoun to say 'We are students' in the sentence '____ öğrenciyiz'.;2;Biz;Ben;Siz;O;1;
27;4;1;Which sentence correctly uses a demonstrative pronoun to say 'That is a house'?;3;Bunlar bir ev;Bu bir ev;Şu bir ev;Onlar bir ev;3;Şu is used to raise the attention to something specific
28;5;1;"Which answer is the correct aorist form for ""Ben her gün kahve ____""?";1;içerim;içiyor;içtim;içeriz;1;"""I drink everyday a coffee."""
29;5;1;Which answer is the correct aorist form for “Ben her sabah kitap ____.”;1;okuruz;okurum;okursun;okurlar;2;"""I read a book every day."""
30;5;1;Which of the following is the correct aorist  form for “Sen her gün okula ____”?;2;giderim;gider;gidersin;gideriz;3;"""You go every day to school."""
31;5;1;Which of the following sentences is in the aorist  tense?;2;Ben her sabah koşarım.;Ben her sabah koşuyorum.;Ben her sabah koştum.;Ben her sabah koşacağım.;1;"""I run every morning."""
32;5;1;Which of the following is the correct aorist form of the verb for “They drink tea every morning” in Turkish?;3;Onlar her sabah çay içerler.;Onlar her sabah çay içiyorlar.;Onlar her sabah çay içtiler.;Onlar her sabah çay içecekler.;1;"""They drink tea every morning."""
33;5;1;Which of the following is the correct aorist form for “We write letters” in Turkish?;3;Mektuplar yazarız;Mektuplar yazıyorum;Mektuplar yazar;Mektuplar yazdık;1;"yazmak is the verb ""to write"""
34;5;1;Which of the following sentences is in the Turkish aorist tense?;1;Ben okuyacağım;Ben okudum;Ben okuyorum;Ben okurum;4;"""I read"" or ""I study"""
35;5;1;Which form is correct for 'Sen her gün kitap ____.' in aorist tense?;2;okuyorsun;okuruz;okursun;okurlar;3;"""You read a book every day""."
36;5;1;Which is the correct aorist form for 'He runs every day'?;2;Koşuyor;Koşar;Koşacak;Koştum;2;"""Koşar"" - he runs."
37;5;1;Which sentence is an example of a continuous action in the aorist tense?;3;Her yaz ailemle tatile gideriz.;Şu anda yemek yiyorum.;Dün akşam sinemaya gittik.;Yarın toplantıya katılacağım.;1;"""Every summer she/he goes on vacation with her/his family"""
38;6;1;How do you say 'We are running' in Turkish?;1;Koşuyor;Koşuyorum;Koşuyorsun;Koşuyoruz;3;
39;6;1;Which sentence correctly translates to 'She is reading a book'?;2;O kitap okuyorum;O kitap okuyor;O kitap okuyorsun;O kitap okuyorsunuz;2;
40;6;1;Translate 'Are they coming?' into Turkish.;2;Gelmek mi?;Geldiler mi?;Geliyorlar mı?;Geliyor musun?;3;
41;6;1;Which sentence means 'I am not watching TV'?;3;Televizyon izlemiyorlar;Televizyon izlemiyorsun;Televizyon izliyorum;Televizyon izlemiyorum;4;
42;6;1;How do you say 'They are not speaking' in Turkish?;3;Konuşmuyor;Konuşmuyorlar;Konuşmuyorum;Konuşmuyorsun;2;
43;6;1;Which sentence correctly translates to 'What are you doing now?';2;Ne yapıyorsunuz şimdi?;Şimdi ne yapıyorsun?;Şimdi ne yapıyorlar?;Ne yapıyorsun sonra?;2;
44;6;1;Translate 'Why is it raining?' into Turkish. (yağmak = to rain);3;Neden yağmur yağıyor?;Niye yağmur yağıyorlar?;Nasıl yağmur yağıyor?;Yağmur yağıyor mu?;1;
45;6;1;Which of the following means 'She is not coming home'?;2;O evde gelmiyorsun;O eve geliyorum;O eve gelmiyor;O evde geliyor;3;
46;6;1;How do you express 'We are waiting at the station' in Turkish?;3;İstasyon'da bekliyorlar;İstasyon'da bekliyorum;İstasyon'da bekliyorsun;İstasyon'da bekliyoruz;4;
47;6;1;;;;;;;;
48;7;1;How do you say 'There is a cat on the roof' in Turkish?;1;Çatıda kedi yok;Çatıda bir kedi var;Kedi var çatıda;Çatıda bir kedi yok;2;
49;7;1;Translate 'There is no water in the bottle' into Turkish.;1;Şişede su değil;Şişede su yok;Su var şişede;Şişede su var;2;
50;7;1;Which sentence means 'There are two books on the table'?;2;Masada kitap yok;Masada iki kitap var;İki kitap yok masada;Masada iki kitap yok;2;
51;7;1;How would you say 'There is no milk in the fridge' in Turkish?;2;Buzdolabında süt yok;Süt var buzdolabında;Buzdolabında süt var;Süt buzdolabında yok;1;
52;7;1;Translate the sentence 'There are no clouds in the sky' into Turkish.;3;Gökyüzünde bulut var;Gökyüzü bulutsuz değil;Bulut var gökyüzünde;Gökyüzünde bulut yok;4;
53;7;1;How do you ask 'Is there a book in the library?' in Turkish?;1;Kitap var mı kütüphanede?;Kütüphanede kitap yok mu?;Kütüphanede kitap var mı?;Kütüphanede var kitap mı?;3;
54;7;1;Translate 'Are there children in the park?' into Turkish.;1;Çocuklar park yok mu?;Çocuklar parkta mı?;Parkta çocuk var mı?;Parkta çocuklar var mı?;4;
55;7;1;Which sentence means 'Is there no bus at the stop?'?;2;Otobüs durakta mı?;Durakta var otobüs mü?;Durakta otobüs yok mu?;Otobüs yok mu durakta?;3;
56;7;1;How would you say 'Is there no tea in the kitchen?' in Turkish?;2;Mutfağda var çay mı?;Mutfağda çay yok mu?;Çay mutfağda yok mu?;Mutfağda çay var mı?;2;
57;7;1;Translate 'Are there no chairs in the room?' into Turkish.;3;Odada sandalye var mı?;Sandalye odada mı yok?;Odada sandalye yok mu?;Yok mu odada sandalye?;3;
58;8;1;How do you ask 'Do you drink tea?' in Turkish?;1;Çay içer mi?;Çay içerler mi?;Çay içeriz mi?;Çay içer misin?;4;
59;8;1;Translate 'Are you coming?' into Turkish.;1;Gelir misin?;Geliyor musun?;Geldin mi?;Geliyor mu?;2;
60;8;1;Which sentence means 'Does he read books?'?;2;Kitap okuyor mu?;Kitap okur musun?;Kitap okur mu?;Kitap okurum mu?;3;
61;8;1;How do you ask 'Are we eating?' in Turkish?;2;Yiyorum mu?;Yiyoruz mu?;Yiyor muyuz?;Yiyor musunuz?;3;
62;8;1;Translate 'Do they work here?' into Turkish.;3;Burada çalışıyorlar mı?;Burada çalışırlar mı?;Burada çalışır mısın?;Burada çalışırım mı?;2;
63;8;1;How do you ask 'Do you understand?' in Turkish?;1;Anlar mısın?;Anlıyor musun?;Anlıyor mu?;Anlasın mı?;2;
64;8;1;Translate 'Is it raining?' into Turkish.;1;Yağmur mu?;Yağmur yağdı mı?;Yağmur yağacak mı?;Yağmur yağıyor mu?;4;
65;8;1;Which sentence means 'Will you come tomorrow?' in aorist tense (present tense)?;2;Yarın gelir misin?;Yarın geliyorsun mu?;Yarın gelecek misin?;Yarın gel mi?;1;
66;8;1;Translate 'Are you not going to school?' into Turkish.;3;Okula gitmez misin?;Okula mı gitmiyorsun?;Okulda mısın gitmiyorsun?;Okula gitmiyor musun?;4;
67;9;1;How do you say 'ten' in Turkish?;1;Yedi;Beş;On;Bin;3;
68;9;1;Translate 'right' into Turkish.;1;Üst;Alt;Sol;Sağ;4;
69;9;1;What is the translation for 'Go straight and turn left at the corner'?;2;Düz git ve köşede sağa dön;Sağa dön ve köşede dur;Düz git ve köşede sola dön;Sol git ve köşede dur;3;
70;9;1;Find the correct translation for 'The sun rises in the east'.;2;Güneş batıdan doğar;Güneş güneyden doğar;Güneş doğudan doğar;Güneş kuzeyden doğar;3;
71;9;1;How do you say 'The office is not at the top floor' ?;3;Ofis en üstte değil;Ofis üst katta değil;Ofis altta değil;Ofis hemen üstte;2;
72;9;1;How do you translate 'Which is higher, Mount Ararat or Mount Everest?' in Turkish ?;3;Ağrı Dağı mı yoksa Everest Dağı mı daha yüksek?;Everest Dağı mı daha alçak, yoksa Ağrı Dağı mı?;Everest Dağı mı yoksa Ağrı Dağı mı daha yüksek?;Ağrı Dağı mı daha yüksek, yoksa Everest Dağı mı?;1;
73;9;1;How do you say 'five' in Turkish?;1;Beş;Yeş;Meş;Yedi;1;
74;9;1;How do we say 'left' ?;1;Sah;Sag;Sağ;Sol;4;
75;9;1;What is the Turkish translation for 'Turn right after the traffic lights'?;2;Trafik ışıklarından sonra sağa dön;Trafik ışıklarında dur;Trafik ışıklarından sonra sola dön;Trafik ışıklarından sonra düz git;1;
76;9;1;Choose the correct translation for 'The library is on the left side'.;2;Kütüphane üst tarafta;Kütüphane aşağıda;Kütüphane sol tarafta;Kütüphane sağ tarafta;3;
77;9;1;What is the correct sentence for 'The mountain is not to the east' ?;3;Dağ güneyde değil;Dağ kuzeyde değil;Dağ batıda değil;Dağ doğuda değil;4;
78;9;1;What sentence translate correctly 'Which is lower, the valley or the hill?' ?;3;Tepe mi yoksa vadi mi daha yüksek?;Vadi mi yoksa tepe mi daha yüksek?;Vadi mi yoksa tepe mi daha alçak?;Tepe mi yoksa vadi mi daha alçak?;3;
79;10;1;Which of the following means 'butcher' in Turkish, using the suffix for professions?;1;Kasapci;Kasapçı;Kasaplık;Kasapsız;2;
80;10;1;How do you say 'without water' in Turkish using the appropriate suffix?;1;Susuz;Suluk;Suçik;Suluk;1;
81;10;1;Select the correct word for 'little bird' in Turkish using the diminutive suffix.;2;Kuşçik;Kuşcuk;Kuşluk;Kuşsuz;1;
82;10;1;What word represents 'glassware' by using the suffix for substantives in Turkish?;2;Camsiz;Camcı;Camlık;Camluk;3;
83;10;1;Using the correct suffix, how would you say 'someone with a car' in Turkish?;2;Arabasız;Arabalı;Arabalık;Arabaçik;2;
84;10;1;Which word means 'a small piece of bread' using the diminutive suffix?;3;Ekmecli;Ekmekçik;Ekmeksiz;Ekmeklik;2;
85;10;1;How do you say 'a garden without a tree' using the correct suffix?;3;Ağaçlı bahçe;Ağaçcık bahçe;Ağaçsuz bahçe;Ağacsız bahçe;4;
86;10;1;Select the correct term for 'someone working in a pharmacy' using the profession suffix.;3;Eczasız;Eczacık;Eczacı;Eczacılık;3;
87;10;1;What is the term for 'a place with water' using the appropriate suffix?;3;Sulukluk;Sıçik alan;Suluk alan;Sulu alan;4;
88;10;1;Using the substantive suffix, what is the word for 'library'?;3;Kitaplık;Kitapcı;Kitaplik;Kitapli;1;
89;11;1;Translate 'The book is in the bag' into Turkish.;1;Kitap çantaya;Kitap çantada;Kitap çantadan;Kitap çantade;2;
90;11;1;Which sentence means 'Can is at the park'?;1;Can parktan;Can parkta;Can parka;Can  parkı;2;
91;11;1;How would you say 'The dogs are in the garden' in Turkish?;2;Köpekler bahçeden;Köpekler bahçe;Köpekler bahçeye;Köpekler bahçede;4;
92;11;1;Translate 'There are no students in the classroom' into Turkish.;2;Sınıfta öğrenci yok;Sınıfa öğrenci yok;Sınıfda öğrenci yok;Sınıf öğrenci yok;1;
93;11;1;Translate 'She is studying at the university library' into Turkish.;3;Üniversite kütüphane ders çalışıyor;Üniversite kütüphanesinden ders çalışıyor;Üniversite kütüphanesinde ders çalışıyor;;3;
94;11;1;Which sentence means 'The meeting is not in the conference room'?;3;Toplantı konferans oda değil;Toplantı konferans odasından değil;Toplantı konferans odasına değil;Toplantı konferans odasında değil;4;
95;11;1;How would you say 'We are having lunch at the new café' in Turkish?;3;Yeni kafeye öğle yemeği yiyoruz;Yeni kafede öğle yemeği yiyoruz;Yeni kafeden öğle yemeği yiyoruz;Yeni kafe öğle yemeği yiyoruz;2;
96;11;1;Translate 'The cat is not sleeping on the chair' into Turkish.;3;Kedi sandalyede uyumuyor;Kedi sandalyeye uyumuyor;Kedi sandalyeden uyumuyor;Kedi sandalye uyumuyor;1;
97;11;1;How do you say 'I am going to school' in Turkish?;1;Okul gidiyorum;Okulda gidiyorum;Okuldan gidiyorum;Okula gidiyorum;4;
98;12;1;Which sentence means 'Give the book to Can'?;1;Kitabı Can ver;Kitabı Can'a ver;Kitabı Can'dan ver;Kitabı Can'da ver;2;
99;12;1;Translate 'She is sending a letter to her friend' into Turkish.;2;Arkadaşında mektup gönderiyor;Arkadaşını mektup gönderiyor;Arkadaşına mektup gönderiyor;Arkadaşından mektup gönderiyor;3;
100;12;1;How do you say 'We are talking to the teacher' in Turkish?;2;Öğretmeni konuşuyoruz;Öğretmene konuşuyoruz;Öğretmende konuşuyoruz;Öğretmenden konuşuyoruz;2;
101;12;1;Which sentence means 'Please send this document to the office'?;3;Lütfen bu belgeyi ofiste gönder;Lütfen bu belgeyi ofise gönder;Lütfen bu belgeyi ofisten gönder;Lütfen bu belgeyi ofisi gönder;2;
102;12;1;How do you say 'She is giving the keys to her sister' in Turkish?;3;Anahtarları kız kardeşinden veriyor;Anahtarları kız kardeşi veriyor;Anahtarları kız kardeşine veriyor;Anahtarları kız kardeşinde veriyor;3;
103;12;1;Translate 'The letter is going to the wrong address' into Turkish.;3;Mektup yanlış adrese gidiyor;Mektup yanlış adresten gidiyor;Mektup yanlış adreste gidiyor;Mektup yanlış adres gidiyor;1;
104;12;1;How would you say 'Send the documents to the accountant' in Turkish?;3;Belgeleri muhasebeciden gönder;Belgeleri muhasebecide gönder;Belgeleri muhasebeciye gönder;Belgeleri muhasebeciyi gönder;3;
105;12;1;Translate 'They are directing the guests to the dining area' into Turkish.;3;Misafirleri yemek alanı yönlendiriyorlar;Misafirleri yemek alanına yönlendiriyorlar;Misafirleri yemek alanından yönlendiriyorlar;Misafirleri yemek alanında yönlendiriyorlar;2;
106;13;1;Which is the correct negative form for 'He is reading' in Turkish?;1;O okumuyor;O okuyor;O yazıyor;O yazmıyor;1;
107;13;1;How do you say 'We are not working' in Turkish?;1;Biz oynuyoruz;Biz çalışıyoruz;Biz çalışmıyoruz;Biz dinlemiyoruz;3;
108;13;1;Translate to Turkish: 'They are not going to school.';2;Onlar okula gitmiyorlar;Onlar okula gidiyor;Onlar okula gidiyorlar;Onlar okula gitmiyor;4;
109;13;1;What is the negative form of 'She is cooking' in Turkish?;2;O pişimiyorlar;O pişirmiyor;O pişimuyor;O pişiyor;2;
110;13;1;Choose the correct negative form for 'We are speaking' in Turkish.;3;Biz konuşmuyuyoruz;Biz konuşmuyoruz;Biz konmuşuyoruz;Biz konuşuyoruz;2;
111;14;1;How do you say 'I am coming from school' in Turkish?;1;Okuldun geliyorum;Okuldan geliyorum;Okula geliyorum;Okulda geliyorum;2;
112;14;1;Translate 'She is leaving the office' into Turkish.;1;Ofisden ayrılıyor;Ofise ayrılıyor;Ofiste ayrılıyor;Ofisten ayrılıyor;4;
113;14;1;Which sentence means 'He gets off the bus'?;2;Otobüsden geliyor;Otobüsle iniyor;Otobüsten iniyor;Otobüse iniyor;3;
114;14;1;How would you say 'We learned the news from him' in Turkish?;2;Haberi ondan öğrendik;Haberi ondan öğreniyoruz;Haberi ona öğrendik;Haberi onunla öğrendik;1;
115;14;1;Translate 'I borrowed the book from the library' into Turkish.;3;Kitabı kütüphaneyle ödünç aldım;Kitabı kütüphanede ödünç aldım;Kitabı kütüphaneye ödünç aldım;Kitabı kütüphaneden ödünç aldım;4;
116;14;1;How do you say 'The child is afraid of the dark' in Turkish?;3;Çocuk karanlıktan kaçıyor;Çocuk karanlıktan korkuyor;Çocuk karanlıktan seviniyor;Çocuk karanlıktan geliyor;2;
117;14;1;Translate 'She learned it from the newspaper' into Turkish.;2;Onu gazetede öğrendi;Onu gazeteden öğrendi;Onu gazeteten öğrendi;Onu gazeteyle öğrendi;2;
118;14;1;Which sentence means 'He recovered from the illness'?;3;Hastalıktan sevindi;Hastalıktan kaçtı;Hastalıktan iyileşti;Hastalıktan aldı;3;
119;14;1;How would you say 'The smell comes from the kitchen' in Turkish?;3;Koku mutfaktan geliyor;Koku mutfakttan geliyor;Koku mutfağa geliyor;Koku mutfaktan gidiyor;1;
120;14;1;Translate 'I got the idea from a friend' into Turkish.;3;Fikir bir arkadaşla geldi;Fikir bir arkadaştan geldi;Fikir bir arkadaşa geldi;Fikir bir arkadaşta geldi;2;
121;15;1;How do you say 'I see the book' in Turkish using the accusative case?;1;Kitabı görüyor;Kitabı görüyorum;Kitap görüyorum;Kitap görüyor;2;
122;15;1;Choose the correct sentence in Turkish: 'She is eating the apple.';1;Elma yiyor;Elmayı yiyor;Elma yiyorlar;Elmayı yiyorlar;2;
123;15;1;Translate to Turkish using the accusative case: 'We are watching the movie.';2;Film izleriz;Filme izliyoruz;Film izliyoruz;Filmi izliyoruz;4;
124;15;1;How do you say 'They found the key' in Turkish using the accusative case?;2;Anahtar bulurlar;Anahtarı buldular;Anahtarı bulurlar;Anahtar buldular;2;
125;15;1;Which sentence correctly uses the accusative case to say 'I like the coffee' in Turkish?;3;Kahveye seviyorum;Kahve seviyorum;Kahveyi seviyorum;Kahvesi seviyorum;3;
126;15;1;Translate to Turkish: 'He is drinking the tea' using the accusative case.;2;Çayı içiyor;Çay içiyor;Çay içiyorlar;Çayı içiyorlar;1;
127;15;1;Which of these sentences uses the accusative case correctly: 'She is painting the picture'?;3;Resimi boyuyor;Resmi boyuyor;Resmini boyuyor;Resim boyuyor;2;
128;15;1;How would you say 'We are listening to the music' in Turkish using the accusative?;3;Müziğe dinliyoruz;Müzik dinliyorlar;Müzik dinliyoruz;Müziği dinliyoruz;4;
129;15;1;Translate this sentence: 'I will buy the car' with the accusative.;2;Arabayı alırım;Arabaya alırım;Arabayı alacağım;Araba alacağım;3;
130;15;1;Select the correct translation: 'They are calling the friend' using accusative case.;3;Arkadaş arıyorlar;Arkadaşı arıyorlar;Arkadaş arıyor;Arkadaşa arıyorlar;2;
131;16;1;How do you say 'my book' in Turkish?;1;Kitabı;Kitabım;Kitabın;Kitabımız;2;
132;16;1;Translate 'your car' into Turkish.;1;Arabamız;Arabası;Arabam;Araban;4;
133;16;1;Which is the correct possessive form for 'their house' in Turkish?;2;Evleri;Evimiz;Eviniz;Evlerim;1;
134;16;1;What is 'our teacher' in Turkish using possessive pronouns?;2;Öğretmenleri;Öğretmenimiz;Öğretmenim;Öğretmenin;2;
135;16;1;Select the correct possessive pronoun for 'his dog' in Turkish.;3;Köpeğin;Köpeğin;Köpeği;Köpeğim;3;
136;16;1;How do you say 'Ahmet's book' in Turkish, considering proper names?;2;Ahmet'in kitap;Ahmet'in kitabı;Ahmet kitap;Ahmet kitabı;2;
137;16;1;Translate 'the color of the car' into Turkish considering possessive pronouns.;2;Araba rengi;Araban rengi;Arabanın rengi;Araba rengin;3;
138;16;1;What is the correct translation for 'our friend' ?;3;Bizim arkadaşları;Bizim arkadaşımız;Biz arkadaş;Bizim arkadaş;2;
139;16;1;Choose the correct possessive construction for 'the taste of the soup' in Turkish.;2;Çorba tadı;Çorbanın tadı;Çorba tadının;Çorban tadı;2;
140;16;1;How would you express 'Emily's cat' in Turkish, taking into account the possessive suffix for proper names?;3;Emily kedisi;Emily'in kedisi;Emily kedi;Emily'nin kedisi;4;
141;17;1;How do you say 'The book is on the table' ?;1;Kitap masanın altında;Kitap masanın üstünde;Kitap masanın arkasında;Kitap masanın yanında;2;
142;17;1;Translate 'The cat is under the chair'.;1;Kedi sandalyenin yanında;Kedi sandalyenin altında;Kedi sandalyenin arasında;Kedi sandalyenin üstünde;2;
143;17;1;How would you say the following: 'The park is between the school and the hospital' ?;2;Park okulun önünde;Park hastanenin yanında;Park okul ile hastane arasında;Park okulun üstünde;3;
144;17;1;Which phrase correctly describes 'The pharmacy is next to the supermarket' ?;2;Eczane süpermarketin altında;Eczane süpermarketin arkasında;Eczane süpermarketin üstünde;Eczane süpermarketin yanında;4;
145;17;1;Translate 'The painting is behind the sofa'.;3;Tablo kanepenin arkasında;Tablo kanepenin üstünde;Tablo kanepenin yanında;Tablo kanepenin altında;1;
146;17;1;How do you say 'The library is opposite the school' ?;3;Kütüphane okulun karşısında;Kütüphane okulun altında;Kütüphane okulun arkasında;Kütüphane okulun yanında;1;
147;17;1;Translate 'The cafe is at the corner of the street'.;3;Kafe sokağın altında;Kafe sokağın karşısında;Kafe sokağın köşesinde;Kafe sokağın yanında;3;
148;17;1;What is the correct translation for 'The bus stop is in front of the mall' ?;3;Otobüs durağı AVM'nin yanında;Otobüs durağı AVM'nin üstünde;Otobüs durağı AVM'nin arkasında;Otobüs durağı AVM'nin önünde;4;
149;17;1;Choose the phrase that means 'The tree is to the left of the house'.;2;Ağaç evin sağında;Ağaç evin önünde;Ağaç evin solunda;Ağaç evin arkasında;3;
150;17;1;Translate 'The monument is in the middle of the square';3;Anıt meydanın ortasında;Anıt meydanın köşesinde;Anıt meydanın kenarında;Anıt meydanın önünde;1;
151;17;1;;;;;;;;
152;18;1;How do you say 'I'm going with my friend' ?;1;Arkadaşıma giderim;Arkadaşıma gidiyorum;Arkadaşımla gidiyorum;Arkadaşımdan gidiyorum;3;
153;18;1;Translate 'tea and sugar' using the correct form.;1;Çayle şeker;Çay ile şeker;Çaydan şeker;Çaya şeker;2;
154;18;1;How would you say 'She is cutting with a knife' ?;2;Bıçağa kesiyor;Bıçakla kesiyor;Bıçaktan kesiyor;Bıçak için kesiyor;2;
155;18;1;How do you express 'The meeting is between the manager and the employee';2;Toplantı müdürden çalışana;Toplantı müdüryle çalışan arasında;Toplantı müdüryle çalışan arasında;Toplantı müdür ile çalışan arasında;4;
156;18;1;Which sentence correctly uses the instrumental case to say 'I came with you'?;2;Seniyle geldim;Seninle geldim;Sen geldi;Senden geldim;2;
157;18;1;How do you say 'With whom did you go to the cinema?' ?;3;Kim seninle sinemaya gittin?;Kimden sinemaya gittin?;Kiminle sinemaya gittin?;Kime sinemaya gittin?;3;
158;18;1;Translate 'He fixed the chair with a screwdriver.'.;3;Tornavidayı sandalyeyi tamir etti;Tornavidayla sandalyeyi tamir etti;Tornavidan sandalyeyi tamir etti;Tornavida için sandalyeyi tamir etti;2;
159;18;1;Which sentence correctly uses the '-yle' form to say 'I wrote the letter with a pen' ?;2;Kalemle mektubu yazdım;Kaleminla mektubu yazdım;Kalem için mektubu yazdım;Kalemden mektubu yazdım;1;
160;18;1;How do you express 'We were traveling with the teacher' ?;3;Öğretmenden seyahat ediyorduk;Öğretmenle seyahat ediyorduk;Öğretmene seyahat ediyorduk;Öğretmeniyle seyahat ediyorduk;2;
161;18;1;Choose the correct translation for 'She is speaking with him'.;3;Onunla konuşuyor;Onla konuşuyor;Onala konuşuyor;Onunle konuşuyor;1;
162;19;1;How do you say 'This chair is more comfortable than that one' ?;1;Bu sandalye ondan en rahat;Bu sandalye ondan daha rahat;Bu sandalye ondan çok rahat;Bu sandalye en rahat;2;
163;19;1;Translate 'She is the tallest in the class'.;1;O, sınıftaki en uzun;O, sınıftan daha uzun;O, sınıfta en uzun;O, sınıfın daha uzun;1;
164;19;1;Which sentence correctly expresses 'The movie is more interesting than the play' ?;2;Film oyunla en ilginç;Film oyundan daha ilginç;Film oyunu daha ilginç;Film oyun daha ilginç;2;
165;19;1;How would you say 'This exam is harder than the previous one' ?;2;Bu sınavdan önceki daha zor;Bu sınav öncekine zor;Bu sınav öncekinden daha zor;Bu sınav önceki daha zor;3;
166;19;1;Select the correct translation for 'Among them, this painting is the most beautiful' ?;3;Aralarında bu tablo en güzel;Arasından bu tablo daha güzel;Bu tablo aralarından en güzeldir;Arasından bu tablo en güzel;1;
167;19;1;How do you say 'She runs faster than me' ?;3;Benden en hızlı koşuyor;Ben daha hızlı koşarım;Benden daha hızlı koşuyor;Bende daha hızlı koşuyor;3;
168;19;1;Translate 'This cake is tastier than the other one'.;3;Bu kek diğerinden daha lezzetli;Bu kek diğer daha lezzetli;Bu kek diğerine lezzetli;Bu kek diğerinden en lezzetli;1;
169;19;1;Which of these correctly translates 'The weather was colder than yesterday' ?;3;Hava dünden daha soğuk;Hava düne daha soğuktu;Hava dünden en soğuktu;Hava dünden daha soğuktu;4;
170;19;1;How would you say 'This road is longer than the other one' ?;3;Bu yol diğerinden uzun;Bu yol diğerine daha uzun;Bu yol diğerine uzun;Bu yol diğerinden daha uzun;4;
171;19;1;Select the correct translation for 'The dessert I like the most'.;2;En sevdiği tatlım;Daha sevdiğim tatlı;En sevdiğim tatlı;Sevdiğim en tatlı;3;
172;20;1;How do you say 'I had breakfast' ?;1;Kahvaltı yapmam;Kahvaltı yapacağım;Kahvaltı yapıyorum;Kahvaltı yaptım;4;
173;20;1;Translate 'He did not go to school'.;1;Okula gitti;Okula gitmedi;Okula gitmişti;Okula gitmez;2;
174;20;1;Choose the correct past tense form: 'We played football.';2;Futbol oynuyoruz;Futbol oynadık;Futbol oynaduk;Futbol oynarız;2;
175;20;1;How would you ask 'Did they arrive?' in Turkish?;2;Geltiler mi?;Geç kalacaklar mı?;Geldiler mi?;Gelmiyorlar mı?;3;
176;20;1;Select the correct translation for 'I did not understand the question' in Turkish;3;Soruyu anladım;Soruya anlamadım;Soruyu anlamadım;Soru anladım;3;
177;20;1;How do you say 'He cooked dinner' using the correct past tense suffix?;3;Akşam yemeği pişirdi;Akşam yemeği pişiriyor;Akşam yemeği pişirir;Akşam yemeği pişirecek;1;
178;20;1;Translate 'We did not see the performance';3;Gösteriyi görmüdüm;Gösteriyi görmudum;Gösteriyi gördük;Gösteriyi görmedik;4;
179;20;1;Choose the correct negative form: 'She did not tell the truth.';3;Gerçeği söylememedi;Gerçeği söylemedi;Gerçeği söymedi;Gerçeği söymudu;2;
180;20;1;How would you ask 'Did you finish the project?' in Turkish ?;3;Projeyi bitirdin mi?;Projeyi bitiriyor musun?;Projeyi bitirecek misin?;Projeyi bitti mi?;1;
181;20;1;Select the correct translation for 'They did not complete their work on time'.;3;Çalışmalarını zamanında tamamlıyorlar;Çalışmalarını zamanında tamamladılar;Çalışmalarını zamanında tamamlamadılar;Çalışmalarını zamanında tamamlarlar;3;
182;23;1;How do you say 'I should go' ?;1;Gittim;Gidersin;Gitmeliyim;Gitmelisin;3;
183;23;1;Translate 'We must eat' into Turkish.;1;Yemeliyizler;Yemeliyiz;Yemelisiniz;Yediniz;2;
184;23;1;What is the negative form of 'She should study' in Turkish?;2;Çalışmamalı;Çalışmalı;Çalışmalıdır;Çalışmıyor;1;
185;23;1;Choose the correct form: 'They should visit us.';2;Bizi ziyaret etmeliler;Bizi ziyaret etmeliyiz;Bizi ziyaret etmeliyim;Bizi ziyaret etmeyiz;1;
186;23;1;How do you express 'You all should not be late' ?;3;Geç kalmamalısınız;Geç kalmamalılar;Geç kalırsınız;Geç kalmamalısın;1;
187;23;1;How do you say 'They should finish the project' ?;3;Projeyi bitirmeliler;Projeyi bitirmeli;Projeyi bitirmemeli;Projeyi bitirirler;1;
188;23;1;Translate 'You must not forget the meeting' into Turkish.;3;Toplantıyı unutmalı;Toplantıyı unutmalısın;Toplantıyı unutmamalısın;Toplantıyı unutursun;3;
189;23;1;Choose the correct form: 'He should speak clearly.';3;Açıkça konuştular;Açıkça konuşur;Açıkça konuşmamalı;Açıkça konuşmalı;4;
190;23;1;What is the correct translation for 'We should not delay the decision' ?;3;Kararı ertelemeliyiz;Kararı ertelememeliyiz;Kararı erteledik;Karar ertelememeli;2;
191;23;1;How do you express 'You all must understand this topic' ?;3;Bu konuyu anlasanız;Bu konuyu anlamalısınızlar;Bu konuyu anlar;Bu konuyu anlamalısınız;4;
192;23;1;How do you say 'I should study' ?;1;Çalışmalıyım;Çalışmalısın;Çalışıyor;Çalışıyım;1;
193;23;1;Translate 'We must leave early' into Turkish;1;Erken ayrılmalı;Erken ayrılmalıyız;Erken ayrılmalılar;Erken ayrılırız;2;
194;23;1;What is the negative form of 'You should listen' in Turkish?;2;Dinlememelisin;Dinlemedin;Dinlemelisiniz;Dinleyeceksin;1;
195;23;1;Choose the correct form: 'They shouldn't worry.';2;Endişeleniyorlar;Endişelenmeliler;Endişelenmediler;Endişelenmemeliler;4;
196;23;1;How would you express 'You must try harder' ?;2;Daha fazla çabalar;Daha fazla çabaladı;Daha fazla çabalamalısın;Daha fazla çabalamasın;3;
197;23;1;Select the correct translation for 'She shouldn't speak loudly'.;2;Yüksek sesle konuşmalı;Yüksek sesle konuşmamalı;Yüksek sesle konuşmuyor;Yüksek sesle konuştular;2;
198;24;1;How do you say 'If it rains, we will stay inside' ?;1;Eğer yağmur yağarsa dışarıda kalırız;Eğer yağmur yağarsa içeride kalırız;Eğer yağmur yağmazsa dışarıda kalırız;Eğer yağmur yağmazsa içeride kalırız;2;
199;24;1;Translate 'If you come, we will start' into Turkish.;1;Eğer gelmezse başlar;Eğer gelirse başlar;Eğer gelmezsen başlarız;Eğer gelirsen başlarız;4;
200;24;1;What is the correct way to say 'If I have time, I will call' in Turkish?;2;Eğer zamanım olmazsa ararım;Eğer zamanım olursa arar;Eğer zamanım olursa ararım;Eğer zamanım olursa aramaz;3;
201;24;1;Choose the correct translation for 'If they see us, they will stop'.;2;Eğer bizi görmezlerse dururlar;Eğer bizi görürlerse dururlar;Eğer bizi görürlerse devam ederler;Eğer bizi görmezlerse başlarlar;2;
202;24;1;How do you express 'If he doesn't eat, he will be hungry' ?;3;Eğer yerse aç kalır;Eğer yemezse aç kalır;Eğer yerse tok kalır;Eğer yemezse tok kalır;2;
203;24;1;Select the correct form for 'If we work hard, we will succeed'.;3;Eğer çok çalışırsak başarırız;Eğer çok çalışmazsak başarırız;Eğer çok çalışırsak başarısız oluruz;Eğer çok çalışmazsak başarısız oluruz;1;
204;24;1;How do you say 'If she writes, I will read' ?;1;Eğer yazmazsa okurum;Eğer yazmazsa okurum;Eğer yazarsa okurum;Eğer yazarsa okumam;3;
205;24;1;Translate 'If you sleep early, you will feel better'.;1;Eğer erken uyumazsan daha kötü hissedersin;Eğer erken uyursan daha kötü hissedersin;Eğer erken uyursan daha iyi hissedersin;Eğer erken uyumazsan daha iyi hissedersin;3;
206;24;1;What is the correct way to say 'If they leave now, they won't be late' ?;2;Eğer şimdi giderlerse geç kalmazlar;Eğer şimdi gitmezlerse geç kalmazlar;Eğer şimdi giderlerse geç kalırlar;Eğer şimdi gitmezlerse geç kalırlar;1;
207;24;1;Choose the correct translation for 'If it doesn't rain, we will play outside' in Turkish.;2;Eğer yağarsa içeride oynarız;Eğer yağmazsa dışarıda oynarız;Eğer yağarsa dışarıda oynarız;Eğer yağmazsa içeride oynarız;2;
208;24;1;How do you express 'If I don't call, they will worry' ?;3;Eğer ararsam umursamazlar;Eğer ararsam endişelenirler;Eğer aramazsam endişelenirler;Eğer aramazsam umursamazlar;3;
209;24;1;Select the correct form for 'If we plan carefully, we will succeed' in Turkish.;3;Eğer dikkatlice planlamazsak başarısız oluruz;Eğer dikkatlice planlamazsak başarırız;Eğer dikkatlice planlarsak başarırız;Eğer dikkatlice planlarsak başarısız oluruz;3;
210;25;1;How do you say 'Sit down' ?;1;Otura;Otur;Oturun;Oturma;2;
211;25;1;Translate 'Don't speak!' .;1;Konuş!;Konuşma!;Konuşmayın!;Konuşalım!;2;
212;25;1;What is the correct imperative form for 'Let's eat' ?;2;Yiyecek;Yelim;Yeyilim;Yiyelim;4;
213;25;1;Choose the correct form: 'Don't forget this'.;2;Bunu unutma;Bunu unutmama;Bunu unutmayın;Bunu unuma;1;
214;25;1;How do you say 'Please try again' ?;3;Lütfen tekrar denemeyin;Lütfen tekrar deneyelim;Lütfen tekrar deneyin;Lütfen tekrar den;3;
215;25;1;Select the correct imperative form for 'Don't be late'.;3;Geç kal;Geç kalın;Geç kalmayınız;Geç kalma;4;
216;25;1;How do you say 'Come here' in Turkish?;1;Burada gel;Buraya gelin;Buraya gelme;Buraya gel;4;
217;25;1;Translate 'Open the door!'.;1;Kapıyı açma;Kapıyı aç;Kapıyı açalım;Kapıyı açınız;2;
218;25;1;What is the correct imperative form for 'Let's not go' ?;2;Gidelim;Gitme;Gitmeyelim;Gitmeyin;3;
219;25;1;Choose the correct form: 'Don't run!' in Turkish.;2;Koşma!;Koş!;Koşmayın!;Koşalım!;1;
220;25;1;How do you express 'Let him speak' ?;3;Konuşalım;Konuşsun;Konuş;Konuşmasın;2;
221;25;1;Select the correct imperative form for 'Don't let them enter' in Turkish.;3;Girmesinler;Girsinler;Girmeyin;Girme;1;
222;26;1;How do you say 'I will go' ?;1;Gitmeyeceğim;Gidiyorum;Giderim;Gideceğim;4;
223;26;1;Translate 'They will eat' into Turkish.;1;Yiyecekler;Yiyorlar;Yerler;Yemeyecekler;1;
224;26;1;What is the correct future tense form for 'She will not come' in Turkish?;2;Gelmez;Gelmemecek;Gelmeyecek;Gelecek;3;
225;26;1;"""Choose the correct translation for 'Will you call me?'.";2;Beni arar mıydın?;Beni arayacak mısın?;Beni arar mısın?;Beni aramadın mı?;2;
226;26;1;How do you say 'We will have finished the work by tomorrow' ?;3;Yarın işi bitireceğiz;İşi yarına kadar bitiririz;İşi yarına kadar bitirmiyoruz;İşi yarına kadar bitirmiş olacağız;4;
227;26;1;Select the correct form for 'Won't they travel next week?';3;Gelecek hafta seyahat etmeyecek mi?;Gelecek hafta seyahat etmediler mi?;Gelecek hafta seyahat edecekler mi?;Gelecek hafta seyahat etmeyecekler mi?;4;
228;26;1;How do you say 'We will see' ?;1;Göreceğiz;Görüyoruz;Gördük;Göreceğız;1;
229;26;1;Translate 'He will write' into Turkish.;1;Yazmayacak;Yazayacak;Yazdı;Yazacak;4;
230;26;1;What is the negative form of 'They will speak'?;2;Konuşmacaklar;Konuşmuyorlar;Konuşmayacaklar;Konuşmayamacaklar;3;
231;26;1;Choose the correct translation for 'Will she come tomorrow?';2;Yarın gelecek mı ?;Yarın gel miyecek ?;Yarın gelecek misin?;Yarın gelecek mi?;4;
232;26;1;How do you express 'By next year, I will have traveled the world' in Turkish?;3;Gelecek yıl dünyayı gezemedim;Gelecek yıl dünyayı gezmiyorum;Gelecek yıl dünyayı gezeceğim;Gelecek yıla kadar dünyayı gezmiş olacağım;4;
233;26;1;Select the correct form for 'Won’t she attend the meeting?' in Turkish.;3;Toplantıya katılmayacak mı?;Toplantıya katılacak mı?;Toplantıya katıldı mı?;Toplantıya katılamacak mı?;1;